sector,exporter,importer,value,tariff,tariff_bln,tariff_cfl,d_bln,d_cfl
"Agriculture, Forestry and Fishing (Section A)",EU,EU,327612.3057,0.18,0.18,0.18,1,1
"Agriculture, Forestry and Fishing (Section A)",NEU,EU,37320.76758,0.0107,0.0107,0.0107,1,1
"Agriculture, Forestry and Fishing (Section A)",SCO,EU,294.1844704,0.11,0.11,0.23,1,1
"Agriculture, Forestry and Fishing (Section A)",RUK,EU,1392.86573,0.16,0.16,0.06,1,1
"Agriculture, Forestry and Fishing (Section A)",EU,NEU,18929.4427,0.0402,0.0402,0.0402,1,1
"Agriculture, Forestry and Fishing (Section A)",NEU,NEU,3043662.659,0.09,0.09,0.06,1,1
"Agriculture, Forestry and Fishing (Section A)",SCO,NEU,321.8805463,0.0402,0.0402,0.0402,1,1
"Agriculture, Forestry and Fishing (Section A)",RUK,NEU,507.7670963,0.0402,0.0402,0.0402,1,1
"Agriculture, Forestry and Fishing (Section A)",EU,RUK,5461.709236,0.11,0.11,0.22,1,1
"Agriculture, Forestry and Fishing (Section A)",NEU,RUK,2408.37368,0.0107,0.0107,0.0107,1,1
"Agriculture, Forestry and Fishing (Section A)",SCO,RUK,1231.788658,0.09,0.09,0.07,1,1
"Agriculture, Forestry and Fishing (Section A)",RUK,RUK,21301.82077,0.18,0.18,0.22,1,1
"Agriculture, Forestry and Fishing (Section A)",EU,SCO,454.3937568,0.14,0.14,0.25,1,1
"Agriculture, Forestry and Fishing (Section A)",NEU,SCO,200.3676719,0.0107,0.0107,0.0107,1,1
"Agriculture, Forestry and Fishing (Section A)",RUK,SCO,922.800189,0.07,0.07,0.08,1,1
"Agriculture, Forestry and Fishing (Section A)",SCO,SCO,2986.992784,0.14,0.14,0.06,1,1
Mining & Quarrying (Section B),EU,EU,63949.36749,0.07,0.07,0.15,1,1
Mining & Quarrying (Section B),NEU,EU,160965.1196,0.06,0.06,0.18,1,1
Mining & Quarrying (Section B),SCO,EU,2777.488383,0.07,0.07,0.19,1,1
Mining & Quarrying (Section B),RUK,EU,3328.076902,0.09,0.09,0.14,1,1
Mining & Quarrying (Section B),EU,NEU,14542.54869,0.01,0.01,0.21,1,1
Mining & Quarrying (Section B),NEU,NEU,3314944.609,0.03,0.03,0.09,1,1
Mining & Quarrying (Section B),SCO,NEU,5619.724816,0.2,0.2,0.12,1,1
Mining & Quarrying (Section B),RUK,NEU,3976.74799,0.1,0.1,0.16,1,1
Mining & Quarrying (Section B),EU,RUK,1986.806238,0.09,0.09,0.18,1,1
Mining & Quarrying (Section B),NEU,RUK,19235.18587,0.19,0.19,0.12,1,1
Mining & Quarrying (Section B),SCO,RUK,10940.36874,0.09,0.09,0.2,1,1
Mining & Quarrying (Section B),RUK,RUK,12267.76723,0.16,0.16,0.09,1,1
Mining & Quarrying (Section B),EU,SCO,82.49895618,0,0,0.16,1,1
Mining & Quarrying (Section B),NEU,SCO,798.7103757,0.09,0.09,0.09,1,1
Mining & Quarrying (Section B),RUK,SCO,462.4299797,0.02,0.02,0.09,1,1
Mining & Quarrying (Section B),SCO,SCO,3555.974325,0.16,0.16,0.13,1,1
"Food Products, Beverages and Tobacco Products (Section CA)",EU,EU,677553.5302,0.14,0.14,0.23,1,1
"Food Products, Beverages and Tobacco Products (Section CA)",NEU,EU,47042.32318,0.0619,0.0619,0.0619,1,1
"Food Products, Beverages and Tobacco Products (Section CA)",SCO,EU,1325.791529,0.04,0.04,0.24,1,1
"Food Products, Beverages and Tobacco Products (Section CA)",RUK,EU,6478.865182,0.15,0.15,0.2,1,1
"Food Products, Beverages and Tobacco Products (Section CA)",EU,NEU,71982.01672,0.0208,0.0208,0.0208,1,1
"Food Products, Beverages and Tobacco Products (Section CA)",NEU,NEU,3253116.645,0.01,0.01,0.17,1,1
"Food Products, Beverages and Tobacco Products (Section CA)",SCO,NEU,3044.854385,0.0208,0.0208,0.0208,1,1
"Food Products, Beverages and Tobacco Products (Section CA)",RUK,NEU,3187.635533,0.0208,0.0208,0.0208,1,1
"Food Products, Beverages and Tobacco Products (Section CA)",EU,RUK,21897.04732,0.05,0.05,0.2,1,1
"Food Products, Beverages and Tobacco Products (Section CA)",NEU,RUK,6521.35723,0.0619,0.0619,0.0619,1,1
"Food Products, Beverages and Tobacco Products (Section CA)",SCO,RUK,3346.10088,0.02,0.02,0.17,1,1
"Food Products, Beverages and Tobacco Products (Section CA)",RUK,RUK,64069.95025,0.19,0.19,0.22,1,1
"Food Products, Beverages and Tobacco Products (Section CA)",EU,SCO,1199.710805,0.1,0.1,0.09,1,1
"Food Products, Beverages and Tobacco Products (Section CA)",NEU,SCO,357.2966994,0.0619,0.0619,0.0619,1,1
"Food Products, Beverages and Tobacco Products (Section CA)",RUK,SCO,7067.689304,0.07,0.07,0.23,1,1
"Food Products, Beverages and Tobacco Products (Section CA)",SCO,SCO,2619.505584,0.15,0.15,0.22,1,1
"Textiles, Wearing Apparel and Leather (Section CB)",EU,EU,100776.5655,0.05,0.05,0.11,1,1
"Textiles, Wearing Apparel and Leather (Section CB)",NEU,EU,78474.64663,0.107,0.107,0.107,1,1
"Textiles, Wearing Apparel and Leather (Section CB)",SCO,EU,104.9229544,0.13,0.13,0.11,1,1
"Textiles, Wearing Apparel and Leather (Section CB)",RUK,EU,2070.755845,0.13,0.13,0.25,1,1
"Textiles, Wearing Apparel and Leather (Section CB)",EU,NEU,46494.09711,0.0873,0.0873,0.0873,1,1
"Textiles, Wearing Apparel and Leather (Section CB)",NEU,NEU,1427367.092,0.18,0.18,0.05,1,1
"Textiles, Wearing Apparel and Leather (Section CB)",SCO,NEU,103.7559785,0.0873,0.0873,0.0873,1,1
"Textiles, Wearing Apparel and Leather (Section CB)",RUK,NEU,2329.951268,0.0873,0.0873,0.0873,1,1
"Textiles, Wearing Apparel and Leather (Section CB)",EU,RUK,5649.524513,0,0,0.1,1,1
"Textiles, Wearing Apparel and Leather (Section CB)",NEU,RUK,16371.958,0.107,0.107,0.107,1,1
"Textiles, Wearing Apparel and Leather (Section CB)",SCO,RUK,386.2379128,0.17,0.17,0.19,1,1
"Textiles, Wearing Apparel and Leather (Section CB)",RUK,RUK,3882.256891,0.07,0.07,0.16,1,1
"Textiles, Wearing Apparel and Leather (Section CB)",EU,SCO,279.8570096,0.07,0.07,0.21,1,1
"Textiles, Wearing Apparel and Leather (Section CB)",NEU,SCO,811.0075806,0.107,0.107,0.107,1,1
"Textiles, Wearing Apparel and Leather (Section CB)",RUK,SCO,2545.799408,0.06,0.06,0.18,1,1
"Textiles, Wearing Apparel and Leather (Section CB)",SCO,SCO,644.6650667,0.12,0.12,0.1,1,1
"Wood and Paper Products, and Printing (Section CC)",EU,EU,236697.0705,0.04,0.04,0.25,1,1
"Wood and Paper Products, and Printing (Section CC)",NEU,EU,14451.65225,0.0274,0.0274,0.0274,1,1
"Wood and Paper Products, and Printing (Section CC)",SCO,EU,204.7208119,0.01,0.01,0.13,1,1
"Wood and Paper Products, and Printing (Section CC)",RUK,EU,1277.158057,0.08,0.08,0.09,1,1
"Wood and Paper Products, and Printing (Section CC)",EU,NEU,32829.25529,0.0316,0.0316,0.0316,1,1
"Wood and Paper Products, and Printing (Section CC)",NEU,NEU,1189456.984,0.14,0.14,0.11,1,1
"Wood and Paper Products, and Printing (Section CC)",SCO,NEU,269.7264597,0.0316,0.0316,0.0316,1,1
"Wood and Paper Products, and Printing (Section CC)",RUK,NEU,916.1906803,0.0316,0.0316,0.0316,1,1
"Wood and Paper Products, and Printing (Section CC)",EU,RUK,5530.671916,0.17,0.17,0.25,1,1
"Wood and Paper Products, and Printing (Section CC)",NEU,RUK,2108.613148,0.0274,0.0274,0.0274,1,1
"Wood and Paper Products, and Printing (Section CC)",SCO,RUK,903.0627531,0.17,0.17,0.23,1,1
"Wood and Paper Products, and Printing (Section CC)",RUK,RUK,24658.69129,0.15,0.15,0.11,1,1
"Wood and Paper Products, and Printing (Section CC)",EU,SCO,502.695835,0.09,0.09,0.11,1,1
"Wood and Paper Products, and Printing (Section CC)",NEU,SCO,191.65683,0.0274,0.0274,0.0274,1,1
"Wood and Paper Products, and Printing (Section CC)",RUK,SCO,719.7850974,0.12,0.12,0.1,1,1
"Wood and Paper Products, and Printing (Section CC)",SCO,SCO,1589.913877,0.11,0.11,0.17,1,1
"Coke, Refined Petroleum Products, Chemicals and Chemical Products (Section CD,CE)",EU,EU,539132.4459,0.07,0.07,0.25,1,1
"Coke, Refined Petroleum Products, Chemicals and Chemical Products (Section CD,CE)",NEU,EU,126767.4536,0.0251,0.0251,0.0251,1,1
"Coke, Refined Petroleum Products, Chemicals and Chemical Products (Section CD,CE)",SCO,EU,566.9076073,0.09,0.09,0.14,1,1
"Coke, Refined Petroleum Products, Chemicals and Chemical Products (Section CD,CE)",RUK,EU,12146.9483,0,0,0.09,1,1
"Coke, Refined Petroleum Products, Chemicals and Chemical Products (Section CD,CE)",EU,NEU,150826.8532,0.0336,0.0336,0.0336,1,1
"Coke, Refined Petroleum Products, Chemicals and Chemical Products (Section CD,CE)",NEU,NEU,4005109.889,0.18,0.18,0.2,1,1
"Coke, Refined Petroleum Products, Chemicals and Chemical Products (Section CD,CE)",SCO,NEU,181.1369351,0.0336,0.0336,0.0336,1,1
"Coke, Refined Petroleum Products, Chemicals and Chemical Products (Section CD,CE)",RUK,NEU,12199.15714,0.0336,0.0336,0.0336,1,1
"Coke, Refined Petroleum Products, Chemicals and Chemical Products (Section CD,CE)",EU,RUK,20895.10522,0.01,0.01,0.09,1,1
"Coke, Refined Petroleum Products, Chemicals and Chemical Products (Section CD,CE)",NEU,RUK,18449.64176,0.0251,0.0251,0.0251,1,1
"Coke, Refined Petroleum Products, Chemicals and Chemical Products (Section CD,CE)",SCO,RUK,1014.603865,0.16,0.16,0.07,1,1
"Coke, Refined Petroleum Products, Chemicals and Chemical Products (Section CD,CE)",RUK,RUK,31694.76259,0.11,0.11,0.09,1,1
"Coke, Refined Petroleum Products, Chemicals and Chemical Products (Section CD,CE)",EU,SCO,876.8686193,0,0,0.08,1,1
"Coke, Refined Petroleum Products, Chemicals and Chemical Products (Section CD,CE)",NEU,SCO,774.2440981,0.0251,0.0251,0.0251,1,1
"Coke, Refined Petroleum Products, Chemicals and Chemical Products (Section CD,CE)",RUK,SCO,4390.830746,0.16,0.16,0.23,1,1
"Coke, Refined Petroleum Products, Chemicals and Chemical Products (Section CD,CE)",SCO,SCO,701.9603249,0.06,0.06,0.06,1,1
Basic Pharmaceuticals and Their Products (Section CF),EU,EU,85661.74738,0.17,0.17,0.06,1,1
Basic Pharmaceuticals and Their Products (Section CF),NEU,EU,38288.19245,0.0147,0.0147,0.0147,1,1
Basic Pharmaceuticals and Their Products (Section CF),SCO,EU,125.1114984,0.17,0.17,0.06,1,1
Basic Pharmaceuticals and Their Products (Section CF),RUK,EU,5612.794072,0.17,0.17,0.11,1,1
Basic Pharmaceuticals and Their Products (Section CF),EU,NEU,60150.48432,0.0189,0.0189,0.0189,1,1
Basic Pharmaceuticals and Their Products (Section CF),NEU,NEU,528306.5766,0.18,0.18,0.2,1,1
Basic Pharmaceuticals and Their Products (Section CF),SCO,NEU,162.3543199,0.0189,0.0189,0.0189,1,1
Basic Pharmaceuticals and Their Products (Section CF),RUK,NEU,6371.741342,0.0189,0.0189,0.0189,1,1
Basic Pharmaceuticals and Their Products (Section CF),EU,RUK,11813.61674,0.2,0.2,0.19,1,1
Basic Pharmaceuticals and Their Products (Section CF),NEU,RUK,5972.474848,0.0147,0.0147,0.0147,1,1
Basic Pharmaceuticals and Their Products (Section CF),SCO,RUK,400.1436946,0.15,0.15,0.21,1,1
Basic Pharmaceuticals and Their Products (Section CF),RUK,RUK,8373.179315,0.03,0.03,0.15,1,1
Basic Pharmaceuticals and Their Products (Section CF),EU,SCO,700.3165254,0.16,0.16,0.14,1,1
Basic Pharmaceuticals and Their Products (Section CF),NEU,SCO,354.0510013,0.0147,0.0147,0.0147,1,1
Basic Pharmaceuticals and Their Products (Section CF),RUK,SCO,408.7957464,0.19,0.19,0.24,1,1
Basic Pharmaceuticals and Their Products (Section CF),SCO,SCO,905.6489272,0.16,0.16,0.24,1,1
"Rubber, Plastic and Other Non-Metallic Mineral Products (Section CG)",EU,EU,287605.5095,0.18,0.18,0.21,1,1
"Rubber, Plastic and Other Non-Metallic Mineral Products (Section CG)",NEU,EU,26504.57689,0.0525,0.0525,0.0525,1,1
"Rubber, Plastic and Other Non-Metallic Mineral Products (Section CG)",SCO,EU,289.8333068,0.01,0.01,0.23,1,1
"Rubber, Plastic and Other Non-Metallic Mineral Products (Section CG)",RUK,EU,3763.479441,0.11,0.11,0.11,1,1
"Rubber, Plastic and Other Non-Metallic Mineral Products (Section CG)",EU,NEU,47700.7144,0.0528,0.0528,0.0528,1,1
"Rubber, Plastic and Other Non-Metallic Mineral Products (Section CG)",NEU,NEU,1856915.23,0.11,0.11,0.13,1,1
"Rubber, Plastic and Other Non-Metallic Mineral Products (Section CG)",SCO,NEU,185.6752684,0.0528,0.0528,0.0528,1,1
"Rubber, Plastic and Other Non-Metallic Mineral Products (Section CG)",RUK,NEU,2886.746356,0.0528,0.0528,0.0528,1,1
"Rubber, Plastic and Other Non-Metallic Mineral Products (Section CG)",EU,RUK,7534.713835,0.09,0.09,0.18,1,1
"Rubber, Plastic and Other Non-Metallic Mineral Products (Section CG)",NEU,RUK,4087.114903,0.0525,0.0525,0.0525,1,1
"Rubber, Plastic and Other Non-Metallic Mineral Products (Section CG)",SCO,RUK,486.7775804,0.12,0.12,0.19,1,1
"Rubber, Plastic and Other Non-Metallic Mineral Products (Section CG)",RUK,RUK,30055.33157,0.07,0.07,0.24,1,1
"Rubber, Plastic and Other Non-Metallic Mineral Products (Section CG)",EU,SCO,309.7678441,0.15,0.15,0.1,1,1
"Rubber, Plastic and Other Non-Metallic Mineral Products (Section CG)",NEU,SCO,168.0298416,0.0525,0.0525,0.0525,1,1
"Rubber, Plastic and Other Non-Metallic Mineral Products (Section CG)",RUK,SCO,1209.775449,0.1,0.1,0.18,1,1
"Rubber, Plastic and Other Non-Metallic Mineral Products (Section CG)",SCO,SCO,1477.065637,0.2,0.2,0.09,1,1
"Basic Metals and Fabricated Metal Products, Except Machinery (Section CH)",EU,EU,516526.439,0.04,0.04,0.08,1,1
"Basic Metals and Fabricated Metal Products, Except Machinery (Section CH)",NEU,EU,62595.85048,0.0147,0.0147,0.0147,1,1
"Basic Metals and Fabricated Metal Products, Except Machinery (Section CH)",SCO,EU,293.1178057,0.09,0.09,0.06,1,1
"Basic Metals and Fabricated Metal Products, Except Machinery (Section CH)",RUK,EU,6064.924524,0.15,0.15,0.05,1,1
"Basic Metals and Fabricated Metal Products, Except Machinery (Section CH)",EU,NEU,86646.75245,0.01,0.01,0.01,1,1
"Basic Metals and Fabricated Metal Products, Except Machinery (Section CH)",NEU,NEU,3492434.071,0.05,0.05,0.06,1,1
"Basic Metals and Fabricated Metal Products, Except Machinery (Section CH)",SCO,NEU,473.1081864,0.01,0.01,0.01,1,1
"Basic Metals and Fabricated Metal Products, Except Machinery (Section CH)",RUK,NEU,15331.10751,0.01,0.01,0.01,1,1
"Basic Metals and Fabricated Metal Products, Except Machinery (Section CH)",EU,RUK,9069.719282,0.2,0.2,0.15,1,1
"Basic Metals and Fabricated Metal Products, Except Machinery (Section CH)",NEU,RUK,11029.46527,0.0147,0.0147,0.0147,1,1
"Basic Metals and Fabricated Metal Products, Except Machinery (Section CH)",SCO,RUK,359.5551096,0.2,0.2,0.19,1,1
"Basic Metals and Fabricated Metal Products, Except Machinery (Section CH)",RUK,RUK,27133.27405,0.11,0.11,0.11,1,1
"Basic Metals and Fabricated Metal Products, Except Machinery (Section CH)",EU,SCO,721.0560155,0.15,0.15,0.09,1,1
"Basic Metals and Fabricated Metal Products, Except Machinery (Section CH)",NEU,SCO,876.858702,0.0147,0.0147,0.0147,1,1
"Basic Metals and Fabricated Metal Products, Except Machinery (Section CH)",RUK,SCO,2978.600149,0.12,0.12,0.13,1,1
"Basic Metals and Fabricated Metal Products, Except Machinery (Section CH)",SCO,SCO,1840.273526,0.07,0.07,0.22,1,1
"Computer, Electronic and Optical Products (Section CI)",EU,EU,117199.9526,0.02,0.02,0.22,1,1
"Computer, Electronic and Optical Products (Section CI)",NEU,EU,128084.8765,0.0183,0.0183,0.0183,1,1
"Computer, Electronic and Optical Products (Section CI)",SCO,EU,275.9911107,0.07,0.07,0.13,1,1
"Computer, Electronic and Optical Products (Section CI)",RUK,EU,5252.001096,0.19,0.19,0.05,1,1
"Computer, Electronic and Optical Products (Section CI)",EU,NEU,69137.67043,0.017,0.017,0.017,1,1
"Computer, Electronic and Optical Products (Section CI)",NEU,NEU,2083957.111,0.17,0.17,0.17,1,1
"Computer, Electronic and Optical Products (Section CI)",SCO,NEU,367.6816246,0.017,0.017,0.017,1,1
"Computer, Electronic and Optical Products (Section CI)",RUK,NEU,6940.659423,0.017,0.017,0.017,1,1
"Computer, Electronic and Optical Products (Section CI)",EU,RUK,10414.93153,0.07,0.07,0.24,1,1
"Computer, Electronic and Optical Products (Section CI)",NEU,RUK,18091.92336,0.0183,0.0183,0.0183,1,1
"Computer, Electronic and Optical Products (Section CI)",SCO,RUK,591.7966155,0.18,0.18,0.08,1,1
"Computer, Electronic and Optical Products (Section CI)",RUK,RUK,9777.433458,0.19,0.19,0.11,1,1
"Computer, Electronic and Optical Products (Section CI)",EU,SCO,1024.365924,0.1,0.1,0.11,1,1
"Computer, Electronic and Optical Products (Section CI)",NEU,SCO,1779.440388,0.0183,0.0183,0.0183,1,1
"Computer, Electronic and Optical Products (Section CI)",RUK,SCO,437.413827,0.19,0.19,0.09,1,1
"Computer, Electronic and Optical Products (Section CI)",SCO,SCO,441.7285296,0.17,0.17,0.08,1,1
Electrical Equipment (Section CJ),EU,EU,136458.6907,0.06,0.06,0.06,1,1
Electrical Equipment (Section CJ),NEU,EU,39898.01538,0.0183,0.0183,0.0183,1,1
Electrical Equipment (Section CJ),SCO,EU,87.68019549,0.16,0.16,0.05,1,1
Electrical Equipment (Section CJ),RUK,EU,2975.892297,0.03,0.03,0.08,1,1
Electrical Equipment (Section CJ),EU,NEU,58553.48963,0.017,0.017,0.017,1,1
Electrical Equipment (Section CJ),NEU,NEU,1177468.515,0.19,0.19,0.08,1,1
Electrical Equipment (Section CJ),SCO,NEU,219.5268899,0.017,0.017,0.017,1,1
Electrical Equipment (Section CJ),RUK,NEU,4200.074878,0.017,0.017,0.017,1,1
Electrical Equipment (Section CJ),EU,RUK,6170.737025,0.1,0.1,0.1,1,1
Electrical Equipment (Section CJ),NEU,RUK,5911.751725,0.0183,0.0183,0.0183,1,1
Electrical Equipment (Section CJ),SCO,RUK,162.4764601,0.06,0.06,0.22,1,1
Electrical Equipment (Section CJ),RUK,RUK,5371.412591,0.13,0.13,0.18,1,1
Electrical Equipment (Section CJ),EU,SCO,443.2570542,0.08,0.08,0.21,1,1
Electrical Equipment (Section CJ),NEU,SCO,424.653594,0.0183,0.0183,0.0183,1,1
Electrical Equipment (Section CJ),RUK,SCO,159.5276283,0.17,0.17,0.08,1,1
Electrical Equipment (Section CJ),SCO,SCO,259.8061745,0.14,0.14,0.06,1,1
Machinery and Equipment N.E.C. (Section CK),EU,EU,273987.2493,0.04,0.04,0.2,1,1
Machinery and Equipment N.E.C. (Section CK),NEU,EU,51202.98055,0.0144,0.0144,0.0144,1,1
Machinery and Equipment N.E.C. (Section CK),SCO,EU,393.2715585,0.06,0.06,0.11,1,1
Machinery and Equipment N.E.C. (Section CK),RUK,EU,6406.281944,0.06,0.06,0.11,1,1
Machinery and Equipment N.E.C. (Section CK),EU,NEU,166113.1146,0.0176,0.0176,0.0176,1,1
Machinery and Equipment N.E.C. (Section CK),NEU,NEU,1611030.795,0.2,0.2,0.09,1,1
Machinery and Equipment N.E.C. (Section CK),SCO,NEU,710.2518105,0.0176,0.0176,0.0176,1,1
Machinery and Equipment N.E.C. (Section CK),RUK,NEU,13102.8768,0.0176,0.0176,0.0176,1,1
Machinery and Equipment N.E.C. (Section CK),EU,RUK,12361.7275,0.2,0.2,0.17,1,1
Machinery and Equipment N.E.C. (Section CK),NEU,RUK,6350.822742,0.0144,0.0144,0.0144,1,1
Machinery and Equipment N.E.C. (Section CK),SCO,RUK,1058.072054,0.02,0.02,0.13,1,1
Machinery and Equipment N.E.C. (Section CK),RUK,RUK,10594.68412,0.17,0.17,0.05,1,1
Machinery and Equipment N.E.C. (Section CK),EU,SCO,1363.659262,0.02,0.02,0.19,1,1
Machinery and Equipment N.E.C. (Section CK),NEU,SCO,700.578318,0.0144,0.0144,0.0144,1,1
Machinery and Equipment N.E.C. (Section CK),RUK,SCO,586.2799981,0.09,0.09,0.14,1,1
Machinery and Equipment N.E.C. (Section CK),SCO,SCO,1062.410825,0.05,0.05,0.24,1,1
Transport Equipment (Section CL),EU,EU,426469.1196,0.02,0.02,0.25,1,1
Transport Equipment (Section CL),NEU,EU,72986.00149,0.0555,0.0555,0.0555,1,1
Transport Equipment (Section CL),SCO,EU,99.91819196,0.13,0.13,0.2,1,1
Transport Equipment (Section CL),RUK,EU,13140.87617,0.16,0.16,0.21,1,1
Transport Equipment (Section CL),EU,NEU,218972.8348,0.0626,0.0626,0.0626,1,1
Transport Equipment (Section CL),NEU,NEU,2771490.061,0.09,0.09,0.25,1,1
Transport Equipment (Section CL),SCO,NEU,901.6885463,0.0626,0.0626,0.0626,1,1
Transport Equipment (Section CL),RUK,NEU,36543.97533,0.0626,0.0626,0.0626,1,1
Transport Equipment (Section CL),EU,RUK,36883.06824,0.08,0.08,0.1,1,1
Transport Equipment (Section CL),NEU,RUK,28004.56648,0.0555,0.0555,0.0555,1,1
Transport Equipment (Section CL),SCO,RUK,1139.028093,0.02,0.02,0.11,1,1
Transport Equipment (Section CL),RUK,RUK,23353.42233,0.12,0.12,0.21,1,1
Transport Equipment (Section CL),EU,SCO,700.8400958,0.05,0.05,0.11,1,1
Transport Equipment (Section CL),NEU,SCO,532.133686,0.0555,0.0555,0.0555,1,1
Transport Equipment (Section CL),RUK,SCO,4467.25368,0.07,0.07,0.19,1,1
Transport Equipment (Section CL),SCO,SCO,1363.41171,0.03,0.03,0.18,1,1
"Furniture, Other Manufacturing; Repair and Installation of Machinery and Equipment (Section CM)",EU,EU,233957.7635,0.05,0.05,0.22,1,1
"Furniture, Other Manufacturing; Repair and Installation of Machinery and Equipment (Section CM)",NEU,EU,32527.60378,0.0144,0.0144,0.0144,1,1
"Furniture, Other Manufacturing; Repair and Installation of Machinery and Equipment (Section CM)",SCO,EU,123.0118509,0.13,0.13,0.23,1,1
"Furniture, Other Manufacturing; Repair and Installation of Machinery and Equipment (Section CM)",RUK,EU,2720.568107,0.03,0.03,0.23,1,1
"Furniture, Other Manufacturing; Repair and Installation of Machinery and Equipment (Section CM)",EU,NEU,46293.26505,0.0176,0.0176,0.0176,1,1
"Furniture, Other Manufacturing; Repair and Installation of Machinery and Equipment (Section CM)",NEU,NEU,577494.5443,0.02,0.02,0.18,1,1
"Furniture, Other Manufacturing; Repair and Installation of Machinery and Equipment (Section CM)",SCO,NEU,529.4632893,0.0176,0.0176,0.0176,1,1
"Furniture, Other Manufacturing; Repair and Installation of Machinery and Equipment (Section CM)",RUK,NEU,3392.315095,0.0176,0.0176,0.0176,1,1
"Furniture, Other Manufacturing; Repair and Installation of Machinery and Equipment (Section CM)",EU,RUK,6208.101416,0,0,0.08,1,1
"Furniture, Other Manufacturing; Repair and Installation of Machinery and Equipment (Section CM)",NEU,RUK,6057.409259,0.0144,0.0144,0.0144,1,1
"Furniture, Other Manufacturing; Repair and Installation of Machinery and Equipment (Section CM)",SCO,RUK,741.9449818,0.02,0.02,0.07,1,1
"Furniture, Other Manufacturing; Repair and Installation of Machinery and Equipment (Section CM)",RUK,RUK,21971.45927,0.12,0.12,0.23,1,1
"Furniture, Other Manufacturing; Repair and Installation of Machinery and Equipment (Section CM)",EU,SCO,283.6709545,0.04,0.04,0.19,1,1
"Furniture, Other Manufacturing; Repair and Installation of Machinery and Equipment (Section CM)",NEU,SCO,276.7852764,0.0144,0.0144,0.0144,1,1
"Furniture, Other Manufacturing; Repair and Installation of Machinery and Equipment (Section CM)",RUK,SCO,1866.563804,0.1,0.1,0.1,1,1
"Furniture, Other Manufacturing; Repair and Installation of Machinery and Equipment (Section CM)",SCO,SCO,1236.159348,0.15,0.15,0.11,1,1
"Utilities (Section D,E)",EU,EU,666352.7289,0.14,0.14,0.19,1,1
"Utilities (Section D,E)",NEU,EU,22964.35559,0.17,0.17,0.19,1,1
"Utilities (Section D,E)",SCO,EU,516.5916206,0.19,0.19,0.11,1,1
"Utilities (Section D,E)",RUK,EU,2695.12566,0.03,0.03,0.13,1,1
"Utilities (Section D,E)",EU,NEU,19589.95628,0.05,0.05,0.05,1,1
"Utilities (Section D,E)",NEU,NEU,2948791.655,0.16,0.16,0.17,1,1
"Utilities (Section D,E)",SCO,NEU,156.6996095,0.05,0.05,0.05,1,1
"Utilities (Section D,E)",RUK,NEU,3330.16746,0.05,0.05,0.05,1,1
"Utilities (Section D,E)",EU,RUK,2572.388326,0.03,0.03,0.07,1,1
"Utilities (Section D,E)",NEU,RUK,1156.07951,0.04,0.04,0.16,1,1
"Utilities (Section D,E)",SCO,RUK,3580.863776,0.19,0.19,0.17,1,1
"Utilities (Section D,E)",RUK,RUK,115038.7155,0.11,0.11,0.08,1,1
"Utilities (Section D,E)",EU,SCO,113.4178883,0.15,0.15,0.2,1,1
"Utilities (Section D,E)",NEU,SCO,50.97212396,0.14,0.14,0.17,1,1
"Utilities (Section D,E)",RUK,SCO,1744.146718,0,0,0.25,1,1
"Utilities (Section D,E)",SCO,SCO,10600.25805,0.07,0.07,0.24,1,1
Construction (Section F),EU,EU,1131443.694,0.04,0.04,0.07,1,1
Construction (Section F),NEU,EU,4577.71043,0.14,0.14,0.17,1,1
Construction (Section F),SCO,EU,99.43471133,0.17,0.17,0.2,1,1
Construction (Section F),RUK,EU,246.9442634,0.16,0.16,0.19,1,1
Construction (Section F),EU,NEU,13973.78424,0.14,0.14,0.14,1,1
Construction (Section F),NEU,NEU,5954003.821,0.06,0.06,0.13,1,1
Construction (Section F),SCO,NEU,135.9720433,0.14,0.14,0.14,1,1
Construction (Section F),RUK,NEU,839.5495788,0.14,0.14,0.14,1,1
Construction (Section F),EU,RUK,1616.734436,0.01,0.01,0.09,1,1
Construction (Section F),NEU,RUK,591.6442635,0.08,0.08,0.18,1,1
Construction (Section F),SCO,RUK,1201.353882,0.08,0.08,0.21,1,1
Construction (Section F),RUK,RUK,228087.2126,0.2,0.2,0.18,1,1
Construction (Section F),EU,SCO,363.0601209,0.13,0.13,0.15,1,1
Construction (Section F),NEU,SCO,132.8619178,0.16,0.16,0.18,1,1
Construction (Section F),RUK,SCO,5535.811043,0.14,0.14,0.17,1,1
Construction (Section F),SCO,SCO,15711.19742,0.12,0.12,0.09,1,1
"Wholesale, Retail and Repairs (Section G)",EU,EU,1558065.777,0.19,0.19,0.14,1,1
"Wholesale, Retail and Repairs (Section G)",NEU,EU,53441.45757,0.17,0.17,0.08,1,1
"Wholesale, Retail and Repairs (Section G)",SCO,EU,1143.575143,0.05,0.05,0.1,1,1
"Wholesale, Retail and Repairs (Section G)",RUK,EU,25228.06679,0.08,0.08,0.13,1,1
"Wholesale, Retail and Repairs (Section G)",EU,NEU,148508.9548,0.12,0.12,0.12,1,1
"Wholesale, Retail and Repairs (Section G)",NEU,NEU,6565653.923,0.1,0.1,0.25,1,1
"Wholesale, Retail and Repairs (Section G)",SCO,NEU,1173.406096,0.12,0.12,0.12,1,1
"Wholesale, Retail and Repairs (Section G)",RUK,NEU,24960.41323,0.12,0.12,0.12,1,1
"Wholesale, Retail and Repairs (Section G)",EU,RUK,16352.12377,0.13,0.13,0.23,1,1
"Wholesale, Retail and Repairs (Section G)",NEU,RUK,2508.044866,0.1,0.1,0.24,1,1
"Wholesale, Retail and Repairs (Section G)",SCO,RUK,2023.286066,0.18,0.18,0.25,1,1
"Wholesale, Retail and Repairs (Section G)",RUK,RUK,244976.2408,0.16,0.16,0.17,1,1
"Wholesale, Retail and Repairs (Section G)",EU,SCO,1279.92922,0.02,0.02,0.18,1,1
"Wholesale, Retail and Repairs (Section G)",NEU,SCO,196.3121093,0.12,0.12,0.2,1,1
"Wholesale, Retail and Repairs (Section G)",RUK,SCO,1787.651912,0.11,0.11,0.07,1,1
"Wholesale, Retail and Repairs (Section G)",SCO,SCO,18005.37868,0.15,0.15,0.24,1,1
Transportation and Storage (Section H),EU,EU,877851.9004,0.19,0.19,0.13,1,1
Transportation and Storage (Section H),NEU,EU,86212.96684,0.09,0.09,0.25,1,1
Transportation and Storage (Section H),SCO,EU,248.2110202,0.06,0.06,0.12,1,1
Transportation and Storage (Section H),RUK,EU,4022.55017,0.05,0.05,0.11,1,1
Transportation and Storage (Section H),EU,NEU,154583.6287,0.16,0.16,0.16,1,1
Transportation and Storage (Section H),NEU,NEU,3279862.769,0.13,0.13,0.22,1,1
Transportation and Storage (Section H),SCO,NEU,609.3517384,0.16,0.16,0.16,1,1
Transportation and Storage (Section H),RUK,NEU,13434.36803,0.16,0.16,0.16,1,1
Transportation and Storage (Section H),EU,RUK,10944.67757,0.08,0.08,0.11,1,1
Transportation and Storage (Section H),NEU,RUK,7483.005618,0.14,0.14,0.17,1,1
Transportation and Storage (Section H),SCO,RUK,2304.084492,0.19,0.19,0.25,1,1
Transportation and Storage (Section H),RUK,RUK,135741.3134,0.1,0.1,0.16,1,1
Transportation and Storage (Section H),EU,SCO,1126.711017,0.15,0.15,0.17,1,1
Transportation and Storage (Section H),NEU,SCO,770.3456601,0.08,0.08,0.23,1,1
Transportation and Storage (Section H),RUK,SCO,3569.689089,0,0,0.12,1,1
Transportation and Storage (Section H),SCO,SCO,8258.080657,0.18,0.18,0.24,1,1
Accommodation and Food Services (Section I),EU,EU,442100.991,0.13,0.13,0.2,1,1
Accommodation and Food Services (Section I),NEU,EU,17916.37208,0.04,0.04,0.13,1,1
Accommodation and Food Services (Section I),SCO,EU,0.552052489,0.06,0.06,0.13,1,1
Accommodation and Food Services (Section I),RUK,EU,846.5750874,0.03,0.03,0.07,1,1
Accommodation and Food Services (Section I),EU,NEU,12188.50202,0.06,0.06,0.1,1,1
Accommodation and Food Services (Section I),NEU,NEU,1736441.309,0.13,0.13,0.14,1,1
Accommodation and Food Services (Section I),SCO,NEU,4.225799811,0.14,0.14,0.06,1,1
Accommodation and Food Services (Section I),RUK,NEU,7024.53429,0,0,0.18,1,1
Accommodation and Food Services (Section I),EU,RUK,1355.393033,0.13,0.13,0.1,1,1
Accommodation and Food Services (Section I),NEU,RUK,10746.42953,0.03,0.03,0.18,1,1
Accommodation and Food Services (Section I),SCO,RUK,19.82173606,0.02,0.02,0.18,1,1
Accommodation and Food Services (Section I),RUK,RUK,78007.04096,0.04,0.04,0.25,1,1
Accommodation and Food Services (Section I),EU,SCO,131.6098222,0.14,0.14,0.13,1,1
Accommodation and Food Services (Section I),NEU,SCO,1043.487494,0.1,0.1,0.05,1,1
Accommodation and Food Services (Section I),RUK,SCO,1601.957348,0.03,0.03,0.11,1,1
Accommodation and Food Services (Section I),SCO,SCO,6183.072755,0.17,0.17,0.19,1,1
Information and Communication (Section J),EU,EU,689775.4652,0.17,0.17,0.16,1,1
Information and Communication (Section J),NEU,EU,54493.62389,0.01,0.01,0.12,1,1
Information and Communication (Section J),SCO,EU,241.437497,0,0,0.08,1,1
Information and Communication (Section J),RUK,EU,9745.432994,0.06,0.06,0.06,1,1
Information and Communication (Section J),EU,NEU,101162.8122,0.1,0.1,0.1,1,1
Information and Communication (Section J),NEU,NEU,2528853.018,0.08,0.08,0.21,1,1
Information and Communication (Section J),SCO,NEU,745.5951145,0.1,0.1,0.1,1,1
Information and Communication (Section J),RUK,NEU,13559.97843,0.1,0.1,0.1,1,1
Information and Communication (Section J),EU,RUK,6305.159442,0.07,0.07,0.19,1,1
Information and Communication (Section J),NEU,RUK,6648.541378,0.15,0.15,0.21,1,1
Information and Communication (Section J),SCO,RUK,2007.300938,0.05,0.05,0.09,1,1
Information and Communication (Section J),RUK,RUK,137737.9538,0.15,0.15,0.1,1,1
Information and Communication (Section J),EU,SCO,728.754207,0.08,0.08,0.11,1,1
Information and Communication (Section J),NEU,SCO,768.4425024,0,0,0.08,1,1
Information and Communication (Section J),RUK,SCO,6913.847621,0.01,0.01,0.05,1,1
Information and Communication (Section J),SCO,SCO,4059.082964,0.13,0.13,0.24,1,1
Financial and Insurance (Section K),EU,EU,805190.9781,0.11,0.11,0.19,1,1
Financial and Insurance (Section K),NEU,EU,42366.12767,0.11,0.11,0.07,1,1
Financial and Insurance (Section K),SCO,EU,289.5143738,0.18,0.18,0.05,1,1
Financial and Insurance (Section K),RUK,EU,15573.16289,0.19,0.19,0.09,1,1
Financial and Insurance (Section K),EU,NEU,88127.78054,0.22,0.22,0.22,1,1
Financial and Insurance (Section K),NEU,NEU,3405998.051,0.18,0.18,0.25,1,1
Financial and Insurance (Section K),SCO,NEU,3873.173901,0.22,0.22,0.22,1,1
Financial and Insurance (Section K),RUK,NEU,48575.06358,0.22,0.22,0.22,1,1
Financial and Insurance (Section K),EU,RUK,5629.831642,0.01,0.01,0.23,1,1
Financial and Insurance (Section K),NEU,RUK,5293.739121,0.12,0.12,0.1,1,1
Financial and Insurance (Section K),SCO,RUK,7386.383173,0.09,0.09,0.24,1,1
Financial and Insurance (Section K),RUK,RUK,183409.4969,0.06,0.06,0.2,1,1
Financial and Insurance (Section K),EU,SCO,439.2254209,0.18,0.18,0.24,1,1
Financial and Insurance (Section K),NEU,SCO,413.0043208,0.08,0.08,0.08,1,1
Financial and Insurance (Section K),RUK,SCO,5472.103113,0.16,0.16,0.21,1,1
Financial and Insurance (Section K),SCO,SCO,10778.40688,0.1,0.1,0.24,1,1
Real Estate Activities (Section L),EU,EU,1221395.619,0.08,0.08,0.2,1,1
Real Estate Activities (Section L),NEU,EU,351.8107651,0.02,0.02,0.1,1,1
Real Estate Activities (Section L),SCO,EU,24.08151335,0.14,0.14,0.08,1,1
Real Estate Activities (Section L),RUK,EU,242.2221214,0.07,0.07,0.06,1,1
Real Estate Activities (Section L),EU,NEU,3553.683061,0.14,0.14,0.14,1,1
Real Estate Activities (Section L),NEU,NEU,3777101.195,0.09,0.09,0.16,1,1
Real Estate Activities (Section L),SCO,NEU,34.09033774,0.14,0.14,0.14,1,1
Real Estate Activities (Section L),RUK,NEU,567.5378364,0.14,0.14,0.14,1,1
Real Estate Activities (Section L),EU,RUK,2763.229282,0.03,0.03,0.09,1,1
Real Estate Activities (Section L),NEU,RUK,1545.313122,0.16,0.16,0.13,1,1
Real Estate Activities (Section L),SCO,RUK,441.2026861,0.13,0.13,0.21,1,1
Real Estate Activities (Section L),RUK,RUK,234144.6739,0.16,0.16,0.07,1,1
Real Estate Activities (Section L),EU,SCO,23.72941133,0.02,0.02,0.1,1,1
Real Estate Activities (Section L),NEU,SCO,13.27047703,0.03,0.03,0.18,1,1
Real Estate Activities (Section L),RUK,SCO,164.3678854,0.18,0.18,0.19,1,1
Real Estate Activities (Section L),SCO,SCO,15591.35632,0.19,0.19,0.16,1,1
"Professional, Scientific & Technical (Section M)",EU,EU,914191.4395,0.09,0.09,0.1,1,1
"Professional, Scientific & Technical (Section M)",NEU,EU,74574.70912,0.06,0.06,0.12,1,1
"Professional, Scientific & Technical (Section M)",SCO,EU,1261.252985,0.1,0.1,0.2,1,1
"Professional, Scientific & Technical (Section M)",RUK,EU,15728.71987,0.18,0.18,0.16,1,1
"Professional, Scientific & Technical (Section M)",EU,NEU,70251.01098,0.11,0.11,0.11,1,1
"Professional, Scientific & Technical (Section M)",NEU,NEU,3077931.16,0.12,0.12,0.15,1,1
"Professional, Scientific & Technical (Section M)",SCO,NEU,1043.485305,0.11,0.11,0.11,1,1
"Professional, Scientific & Technical (Section M)",RUK,NEU,14867.65419,0.11,0.11,0.11,1,1
"Professional, Scientific & Technical (Section M)",EU,RUK,8014.486825,0.03,0.03,0.24,1,1
"Professional, Scientific & Technical (Section M)",NEU,RUK,6457.611942,0.08,0.08,0.24,1,1
"Professional, Scientific & Technical (Section M)",SCO,RUK,3653.983635,0.09,0.09,0.17,1,1
"Professional, Scientific & Technical (Section M)",RUK,RUK,153842.1446,0.05,0.05,0.11,1,1
"Professional, Scientific & Technical (Section M)",EU,SCO,512.6937459,0.11,0.11,0.09,1,1
"Professional, Scientific & Technical (Section M)",NEU,SCO,413.0990953,0.17,0.17,0.19,1,1
"Professional, Scientific & Technical (Section M)",RUK,SCO,5268.10301,0.11,0.11,0.09,1,1
"Professional, Scientific & Technical (Section M)",SCO,SCO,6602.308989,0,0,0.25,1,1
Administrative and Support Services (Section N),EU,EU,567720.4704,0.02,0.02,0.24,1,1
Administrative and Support Services (Section N),NEU,EU,60867.56793,0.2,0.2,0.07,1,1
Administrative and Support Services (Section N),SCO,EU,589.942258,0.13,0.13,0.1,1,1
Administrative and Support Services (Section N),RUK,EU,15118.5768,0.04,0.04,0.24,1,1
Administrative and Support Services (Section N),EU,NEU,35036.19739,0.22,0.22,0.22,1,1
Administrative and Support Services (Section N),NEU,NEU,1415215.744,0.18,0.18,0.18,1,1
Administrative and Support Services (Section N),SCO,NEU,328.7588841,0.22,0.22,0.22,1,1
Administrative and Support Services (Section N),RUK,NEU,10027.20393,0.22,0.22,0.22,1,1
Administrative and Support Services (Section N),EU,RUK,12121.99746,0.11,0.11,0.17,1,1
Administrative and Support Services (Section N),NEU,RUK,5165.849185,0.17,0.17,0.24,1,1
Administrative and Support Services (Section N),SCO,RUK,2282.826738,0.16,0.16,0.12,1,1
Administrative and Support Services (Section N),RUK,RUK,104558.6639,0.07,0.07,0.21,1,1
Administrative and Support Services (Section N),EU,SCO,951.8289333,0.16,0.16,0.14,1,1
Administrative and Support Services (Section N),NEU,SCO,405.6266087,0.16,0.16,0.16,1,1
Administrative and Support Services (Section N),RUK,SCO,3029.297589,0.05,0.05,0.23,1,1
Administrative and Support Services (Section N),SCO,SCO,4808.378803,0.02,0.02,0.13,1,1
Public administration and defence; compulsory social security (Section O),EU,EU,813411.3968,0.02,0.02,0.15,1,1
Public administration and defence; compulsory social security (Section O),NEU,EU,7936.688408,0.08,0.08,0.16,1,1
Public administration and defence; compulsory social security (Section O),SCO,EU,34.12076441,0.04,0.04,0.24,1,1
Public administration and defence; compulsory social security (Section O),RUK,EU,343.2559193,0.14,0.14,0.24,1,1
Public administration and defence; compulsory social security (Section O),EU,NEU,8355.886221,0.11,0.11,0.11,1,1
Public administration and defence; compulsory social security (Section O),NEU,NEU,4330251.738,0.17,0.17,0.2,1,1
Public administration and defence; compulsory social security (Section O),SCO,NEU,50.70075338,0.11,0.11,0.11,1,1
Public administration and defence; compulsory social security (Section O),RUK,NEU,1361.471221,0.11,0.11,0.11,1,1
Public administration and defence; compulsory social security (Section O),EU,RUK,791.3702469,0.11,0.11,0.22,1,1
Public administration and defence; compulsory social security (Section O),NEU,RUK,917.3797032,0.12,0.12,0.05,1,1
Public administration and defence; compulsory social security (Section O),SCO,RUK,55.79135134,0.15,0.15,0.23,1,1
Public administration and defence; compulsory social security (Section O),RUK,RUK,135728.2935,0.03,0.03,0.23,1,1
Public administration and defence; compulsory social security (Section O),EU,SCO,70.81393193,0.06,0.06,0.15,1,1
Public administration and defence; compulsory social security (Section O),NEU,SCO,82.089596,0.03,0.03,0.24,1,1
Public administration and defence; compulsory social security (Section O),RUK,SCO,10.00377347,0.05,0.05,0.2,1,1
Public administration and defence; compulsory social security (Section O),SCO,SCO,16235.79031,0.03,0.03,0.05,1,1
Education (Section P),EU,EU,536088.9169,0.04,0.04,0.12,1,1
Education (Section P),NEU,EU,1789.433304,0.09,0.09,0.08,1,1
Education (Section P),SCO,EU,160.5407639,0,0,0.12,1,1
Education (Section P),RUK,EU,519.9513031,0.14,0.14,0.13,1,1
Education (Section P),EU,NEU,3275.989837,0.1,0.1,0.12,1,1
Education (Section P),NEU,NEU,1584022.17,0.06,0.06,0.17,1,1
Education (Section P),SCO,NEU,395.1361521,0.2,0.2,0.17,1,1
Education (Section P),RUK,NEU,2927.514292,0.16,0.16,0.2,1,1
Education (Section P),EU,RUK,296.3415947,0.14,0.14,0.11,1,1
Education (Section P),NEU,RUK,685.3699033,0.11,0.11,0.25,1,1
Education (Section P),SCO,RUK,636.6518812,0,0,0.18,1,1
Education (Section P),RUK,RUK,119526.3995,0.13,0.13,0.21,1,1
Education (Section P),EU,SCO,22.45224507,0.18,0.18,0.25,1,1
Education (Section P),NEU,SCO,51.92687529,0.14,0.14,0.06,1,1
Education (Section P),RUK,SCO,401.9154641,0.07,0.07,0.1,1,1
Education (Section P),SCO,SCO,8755.246301,0.04,0.04,0.23,1,1
Other Services (Section (Q-U),EU,EU,1397978.59,0.2,0.2,0.19,1,1
Other Services (Section (Q-U),NEU,EU,11310.95157,0.14,0.14,0.07,1,1
Other Services (Section (Q-U),SCO,EU,1445.714583,0.07,0.07,0.07,1,1
Other Services (Section (Q-U),RUK,EU,1366.998723,0.05,0.05,0.09,1,1
Other Services (Section (Q-U),EU,NEU,8509.662698,0.07,0.07,0.12,1,1
Other Services (Section (Q-U),NEU,NEU,4358053.748,0.05,0.05,0.23,1,1
Other Services (Section (Q-U),SCO,NEU,61.69094026,0.18,0.18,0.17,1,1
Other Services (Section (Q-U),RUK,NEU,3836.558717,0.11,0.11,0.13,1,1
Other Services (Section (Q-U),EU,RUK,3175.479318,0.11,0.11,0.25,1,1
Other Services (Section (Q-U),NEU,RUK,6163.692272,0,0,0.14,1,1
Other Services (Section (Q-U),SCO,RUK,507.2617321,0.11,0.11,0.16,1,1
Other Services (Section (Q-U),RUK,RUK,298750.8956,0.03,0.03,0.25,1,1
Other Services (Section (Q-U),EU,SCO,131.0341313,0.01,0.01,0.25,1,1
Other Services (Section (Q-U),NEU,SCO,254.3408353,0.02,0.02,0.13,1,1
Other Services (Section (Q-U),RUK,SCO,1340.113971,0.08,0.08,0.15,1,1
Other Services (Section (Q-U),SCO,SCO,26631.80415,0.2,0.2,0.19,1,1
